{"cameraMode":{"drawMode":0,"name":"Shaded","section":"Shading Mode"},"sceneLighting":false,"audioPlay":false,"sceneViewState":{"showFog":true,"showMaterialUpdate":false,"showSkybox":false,"showFlares":true,"showImageEffects":true,"showParticleSystems":true},"in2DMode":false,"pivot":{"x":1.7066433429718018,"y":0.8615697622299194,"z":-2.0399599075317385},"rotation":{"x":-0.29693934321403506,"y":0.11054369062185288,"z":-0.034631457179784778,"w":-0.9478502869606018},"size":8.952963829040528,"orthographic":true}