{"cameraMode":{"drawMode":0,"name":"Shaded","section":"Shading Mode"},"sceneLighting":true,"audioPlay":false,"sceneViewState":{"showFog":true,"showMaterialUpdate":false,"showSkybox":false,"showFlares":true,"showImageEffects":true,"showParticleSystems":true},"in2DMode":false,"pivot":{"x":-1.0979946851730347,"y":0.9511471390724182,"z":4.162478446960449},"rotation":{"x":0.008188392966985703,"y":0.9912173748016357,"z":-0.10897409915924072,"w":0.07448121160268784},"size":6.026346206665039,"orthographic":false}