{"cameraMode":{"drawMode":0,"name":"Shaded","section":"Shading Mode"},"sceneLighting":false,"audioPlay":false,"sceneViewState":{"showFog":true,"showMaterialUpdate":false,"showSkybox":false,"showFlares":true,"showImageEffects":true,"showParticleSystems":true},"in2DMode":false,"pivot":{"x":0.6286269426345825,"y":0.09382478147745133,"z":0.38757961988449099},"rotation":{"x":-0.0016162660904228688,"y":-0.9984792470932007,"z":0.04464162513613701,"w":-0.03322865068912506},"size":2.289888620376587,"orthographic":true}